City,Cloudiness,Country,Date,Humidity,Latitude,Longitude,Max Temp (Â°F),Wind Speed
Cape Town,0,ZA,1561489203,71,-33.93,18.42,59.0,11.41
Yarensk,3,RU,1561489809,69,62.17,49.09,46.13,2.95
Rikitea,20,PF,1561489499,83,-23.12,-134.97,72.05,11.05
Rikitea,20,PF,1561489499,83,-23.12,-134.97,72.05,11.05
Bereda,0,ES,1561489813,64,43.27,-7.54,69.01,4.7
Vaini,46,IN,1561489546,89,15.34,74.49,78.89,4.23
Hilo,1,US,1561489561,61,19.71,-155.08,80.6,5.82
Leeton,0,AU,1561489817,100,-34.55,146.4,44.6,5.82
Gao,22,ML,1561489818,11,16.28,-0.04,107.69,10.27
Maragogi,90,BR,1561489819,74,-9.01,-35.22,79.25,9.42
Albany,75,US,1561489244,61,42.65,-73.75,82.4,4.7
Pacific Grove,1,US,1561489821,63,36.62,-121.92,80.01,10.29
Busselton,18,AU,1561489552,84,-33.64,115.35,55.0,25.99
Kapaa,75,US,1561489518,83,22.08,-159.32,80.6,8.05
Ushuaia,40,AR,1561489503,92,-54.81,-68.31,32.0,9.17
Srednekolymsk,21,RU,1561489826,43,67.46,153.71,68.99,2.75
Albany,75,US,1561489244,61,42.65,-73.75,82.4,4.7
Chuy,100,UY,1561489828,70,-33.69,-53.46,50.81,20.69
Tumaco,86,CO,1561489779,83,1.8,-78.82,79.79,13.11
Port Elizabeth,1,US,1561489513,51,39.31,-74.98,87.01,12.75
Busselton,18,AU,1561489552,84,-33.64,115.35,55.0,25.99
Qaanaaq,100,GL,1561489505,88,77.48,-69.36,34.61,3.06
San Patricio,100,PY,1561489834,91,-26.98,-56.83,54.23,13.89
Hanzhong,10,CN,1561489836,88,33.08,107.03,69.89,3.11
Muros,20,ES,1561489837,72,42.77,-9.06,70.0,8.05
Kedougou,0,SN,1561489838,39,12.56,-12.19,96.8,4.7
Atuona,5,PF,1561489503,76,-9.8,-139.03,81.23,22.21
Waddan,0,LY,1561489840,9,29.16,16.14,101.39,8.81
Port Elizabeth,1,US,1561489513,51,39.31,-74.98,87.01,12.75
Bonavista,67,CA,1561489843,86,48.65,-53.11,51.01,4.0
Iskateley,100,RU,1561489844,78,67.68,53.15,44.69,14.92
Cape Town,0,ZA,1561489203,71,-33.93,18.42,59.0,11.41
Punta Arenas,20,CL,1561489501,64,-53.16,-70.91,39.2,10.29
Ushuaia,40,AR,1561489503,92,-54.81,-68.31,32.0,9.17
Georgetown,40,GY,1561489584,70,6.8,-58.16,87.8,11.41
Barrow,0,AR,1561489585,42,-38.31,-60.23,49.91,21.61
Mataura,68,NZ,1561489510,83,-46.19,168.86,44.01,5.99
Okitipupa,97,NG,1561489852,95,6.5,4.78,75.11,4.7
Myre,90,SE,1561489854,72,62.25,17.37,60.8,5.82
Rikitea,20,PF,1561489499,83,-23.12,-134.97,72.05,11.05
Taixing,100,CN,1561489856,77,32.17,120.02,75.0,7.45
Rikitea,20,PF,1561489499,83,-23.12,-134.97,72.05,11.05
Belmonte,92,PT,1561489515,51,40.36,-7.35,73.0,5.46
Aleksandrov Gay,97,RU,1561489859,55,50.14,48.57,68.09,16.78
Bathsheba,40,BB,1561489861,66,13.22,-59.52,86.0,19.46
Saldanha,100,PT,1561489553,59,41.42,-6.55,70.61,2.24
Alyangula,98,AU,1561489863,93,-13.85,136.42,53.6,12.17
Dikson,0,RU,1561489864,87,73.51,80.55,31.55,11.68
Hermanus,38,ZA,1561489511,84,-34.42,19.24,59.0,7.0
Ushuaia,40,AR,1561489503,92,-54.81,-68.31,32.0,9.17
Ushuaia,40,AR,1561489503,92,-54.81,-68.31,32.0,9.17
Arraial do Cabo,0,BR,1561489547,65,-22.97,-42.02,84.2,13.87
Kapaa,75,US,1561489518,83,22.08,-159.32,80.6,8.05
Nikolskoye,0,RU,1561489548,42,59.7,30.79,64.99,8.95
Alice Springs,0,AU,1561489872,43,-23.7,133.88,35.6,5.82
Huilong,99,CN,1561489874,90,28.89,110.18,66.29,1.34
Khatanga,94,RU,1561489502,66,71.98,102.47,63.05,21.88
Punta Arenas,20,CL,1561489501,64,-53.16,-70.91,39.2,10.29
Sterling,75,US,1561489724,45,39.0,-77.4,89.01,6.93
Busselton,18,AU,1561489552,84,-33.64,115.35,55.0,25.99
Mataura,68,NZ,1561489510,83,-46.19,168.86,44.01,5.99
Ushuaia,40,AR,1561489503,92,-54.81,-68.31,32.0,9.17
Mataura,68,NZ,1561489510,83,-46.19,168.86,44.01,5.99
Tuktoyaktuk,75,CA,1561489524,86,69.44,-133.03,39.2,19.46
Albany,75,US,1561489244,61,42.65,-73.75,82.4,4.7
Tuatapere,75,NZ,1561489885,82,-46.13,167.69,44.01,5.99
Kruisfontein,90,ZA,1561489887,94,-34.0,24.73,52.79,8.37
Cabo San Lucas,5,MX,1561489840,65,22.89,-109.91,100.0,8.05
Avarua,100,CK,1561489536,69,-21.21,-159.78,75.2,5.82
Mugur-Aksy,94,RU,1561489890,86,50.38,90.44,26.87,4.72
Sorland,75,NO,1561489891,66,67.67,12.69,50.0,9.17
Tuatapere,75,NZ,1561489885,82,-46.13,167.69,44.01,5.99
Saint-Philippe,90,CA,1561489572,93,45.36,-73.48,69.8,12.75
Punta Arenas,20,CL,1561489501,64,-53.16,-70.91,39.2,10.29
Bredasdorp,76,ZA,1561489503,82,-34.53,20.04,59.0,12.75
Tasiilaq,5,GL,1561489389,66,65.61,-37.64,48.2,16.11
Clyde River,75,CA,1561489502,80,70.47,-68.59,41.0,8.05
Ushuaia,40,AR,1561489503,92,-54.81,-68.31,32.0,9.17
Saint-Georges,100,CA,1561489900,52,46.12,-70.67,73.0,1.99
Hualmay,80,PE,1561489554,82,-11.1,-77.61,62.51,12.26
Arraial do Cabo,0,BR,1561489547,65,-22.97,-42.02,84.2,13.87
Punta Arenas,20,CL,1561489501,64,-53.16,-70.91,39.2,10.29
Hilo,1,US,1561489561,61,19.71,-155.08,80.6,5.82
Galesong,20,ID,1561489906,100,-5.32,119.37,69.8,2.24
Rikitea,20,PF,1561489499,83,-23.12,-134.97,72.05,11.05
Aurillac,45,FR,1561489909,32,44.93,2.44,87.01,6.93
Ravne,20,BA,1561489910,94,44.62,17.98,75.2,2.24
Puerto Ayora,75,EC,1561489504,73,-0.74,-90.35,77.0,20.8
Qaqortoq,75,GL,1561489912,42,60.72,-46.03,64.4,5.82
Atuona,5,PF,1561489503,76,-9.8,-139.03,81.23,22.21
Lima,90,PE,1561489821,72,-12.06,-77.04,66.2,4.7
Palatka,20,US,1561489916,56,29.65,-81.64,100.0,5.82
Cape Town,0,ZA,1561489203,71,-33.93,18.42,59.0,11.41
Lebu,75,ET,1561489575,68,8.96,38.73,64.4,3.98
Saldanha,100,PT,1561489553,59,41.42,-6.55,70.61,2.24
Emba,0,CY,1561489920,88,34.81,32.42,80.6,6.93
Beringovskiy,100,RU,1561489922,92,63.05,179.32,42.17,13.24
Carnarvon,0,ZA,1561489510,29,-30.97,22.13,50.63,8.55
Rikitea,20,PF,1561489499,83,-23.12,-134.97,72.05,11.05
Butaritari,100,KI,1561489502,77,3.07,172.79,83.03,12.53
Taoudenni,0,ML,1561489547,4,22.68,-3.98,113.99,12.1
Saldanha,100,PT,1561489553,59,41.42,-6.55,70.61,2.24
Arlit,0,NE,1561489928,6,18.74,7.39,107.33,5.08
Carnarvon,0,ZA,1561489510,29,-30.97,22.13,50.63,8.55
Georgetown,40,GY,1561489584,70,6.8,-58.16,87.8,11.41
Cape Town,0,ZA,1561489203,71,-33.93,18.42,59.0,11.41
Antofagasta,0,CL,1561489933,72,-23.65,-70.4,60.8,12.75
Mayo,40,CA,1561489550,43,63.59,-135.9,69.8,8.05
New Norfolk,0,AU,1561489501,75,-42.78,147.06,45.0,8.05
Te Anau,1,NZ,1561489939,84,-45.41,167.72,37.85,4.34
Nowshera,20,PK,1561489941,35,34.02,71.98,89.6,6.93
Faanui,68,PF,1561489502,73,-16.48,-151.75,78.89,16.02
Albany,75,US,1561489244,61,42.65,-73.75,82.4,4.7
Honiara,20,SB,1561489786,94,-9.43,159.96,73.4,0.16
Hilo,1,US,1561489561,61,19.71,-155.08,80.6,5.82
Souillac,0,FR,1561489556,51,45.6,-0.6,87.01,4.7
Port Hardy,40,CA,1561489948,81,50.7,-127.42,53.6,5.82
Busselton,18,AU,1561489552,84,-33.64,115.35,55.0,25.99
Labytnangi,100,RU,1561489950,98,66.66,66.39,35.33,5.12
Chokurdakh,0,RU,1561489951,39,70.62,147.9,65.93,10.8
Kapaa,75,US,1561489518,83,22.08,-159.32,80.6,8.05
Puerto Ayora,75,EC,1561489504,73,-0.74,-90.35,77.0,20.8
Faanui,68,PF,1561489502,73,-16.48,-151.75,78.89,16.02
Mataura,68,NZ,1561489510,83,-46.19,168.86,44.01,5.99
Albany,75,US,1561489244,61,42.65,-73.75,82.4,4.7
Ushuaia,40,AR,1561489503,92,-54.81,-68.31,32.0,9.17
Carnarvon,0,ZA,1561489510,29,-30.97,22.13,50.63,8.55
Mataura,68,NZ,1561489510,83,-46.19,168.86,44.01,5.99
Ostrovnoy,84,RU,1561489962,63,68.05,39.51,48.29,3.42
Mataura,68,NZ,1561489510,83,-46.19,168.86,44.01,5.99
Tasiilaq,5,GL,1561489389,66,65.61,-37.64,48.2,16.11
Thompson,90,CA,1561489571,82,55.74,-97.86,62.6,5.82
Butaritari,100,KI,1561489502,77,3.07,172.79,83.03,12.53
Bambous Virieux,75,MU,1561489531,78,-20.34,57.76,75.2,14.99
Nizhniy Tagil,93,RU,1561489968,97,57.92,59.97,49.19,1.5
Sioux Lookout,90,CA,1561489970,72,50.1,-91.92,75.2,17.22
Upernavik,100,GL,1561489514,95,72.79,-56.15,35.69,13.06
Busselton,18,AU,1561489552,84,-33.64,115.35,55.0,25.99
Torbay,75,CA,1561489973,76,47.66,-52.73,61.0,9.17
Belmonte,92,PT,1561489515,51,40.36,-7.35,73.0,5.46
Tarko-Sale,55,RU,1561489975,87,64.92,77.78,45.0,2.68
Punta Arenas,20,CL,1561489501,64,-53.16,-70.91,39.2,10.29
Namibe,10,AO,1561489978,80,-15.19,12.15,66.47,10.02
Goiatuba,0,BR,1561489979,37,-18.02,-49.36,83.57,9.55
Iqaluit,75,CA,1561489541,66,63.75,-68.52,50.0,5.82
Vaini,46,IN,1561489546,89,15.34,74.49,78.89,4.23
Rikitea,20,PF,1561489499,83,-23.12,-134.97,72.05,11.05
Puerto Ayora,75,EC,1561489504,73,-0.74,-90.35,77.0,20.8
Aktau,0,KZ,1561489994,83,43.65,51.16,75.2,6.53
Ilulissat,75,GL,1561489998,57,69.22,-51.1,50.0,6.93
Kavaratti,92,IN,1561489999,76,10.57,72.64,83.75,15.88
Tolosa,40,ES,1561490001,78,43.14,-2.07,75.2,3.06
Tura,100,IN,1561490002,78,25.52,90.21,82.85,11.79
Rikitea,20,PF,1561489499,83,-23.12,-134.97,72.05,11.05
Ushuaia,40,AR,1561489503,92,-54.81,-68.31,32.0,9.17
Longyearbyen,40,NO,1561489554,65,78.22,15.63,44.6,9.17
Ipatovo,32,RU,1561490007,72,45.72,42.92,76.73,13.11
Honningsvag,75,NO,1561490009,71,70.98,25.97,50.0,23.04
Darhan,6,MN,1561490010,92,49.49,105.92,52.61,2.1
Ribeira Grande,40,PT,1561489586,64,38.52,-28.7,69.8,11.41
Fairbanks,1,US,1561489788,59,64.84,-147.72,69.01,1.57
Castro,90,CL,1561489545,93,-42.48,-73.76,44.6,11.41
Saskylakh,50,RU,1561489572,49,71.97,114.09,69.17,8.16
Qaanaaq,100,GL,1561489505,88,77.48,-69.36,34.61,3.06
Tasiilaq,5,GL,1561489389,66,65.61,-37.64,48.2,16.11
Ushuaia,40,AR,1561489503,92,-54.81,-68.31,32.0,9.17
Punta Arenas,20,CL,1561489501,64,-53.16,-70.91,39.2,10.29
Caraquet,1,CA,1561490021,35,47.79,-64.94,73.4,10.29
Vaini,46,IN,1561489546,89,15.34,74.49,78.89,4.23
San Miguel,0,AR,1561490024,40,-34.54,-58.72,53.6,19.46
Tarakan,66,ID,1561489962,85,3.3,117.63,79.61,5.14
Tateyama,0,JP,1561490027,95,36.66,137.31,70.0,2.13
Rikitea,20,PF,1561489499,83,-23.12,-134.97,72.05,11.05
Coquimbo,0,CL,1561490029,58,-29.95,-71.34,57.2,11.41
Antofagasta,0,CL,1561489933,72,-23.65,-70.4,60.8,12.75
Ushuaia,40,AR,1561489503,92,-54.81,-68.31,32.0,9.17
Rikitea,20,PF,1561489499,83,-23.12,-134.97,72.05,11.05
Rikitea,20,PF,1561489499,83,-23.12,-134.97,72.05,11.05
Walvis Bay,9,NA,1561490035,82,-22.95,14.51,57.2,3.36
Hilo,1,US,1561489561,61,19.71,-155.08,80.6,5.82
Ostrovnoy,84,RU,1561489962,63,68.05,39.51,48.29,3.42
Cabo San Lucas,5,MX,1561489840,65,22.89,-109.91,100.0,8.05
Hasaki,20,JP,1561489516,100,35.73,140.83,63.0,3.36
Calafat,14,RO,1561490040,63,43.99,22.93,76.01,2.51
Chuguyevka,96,RU,1561490042,84,44.17,133.87,60.53,7.52
Kalmunai,100,LK,1561490043,71,7.42,81.82,79.79,1.79
Jumla,6,NP,1561490044,93,29.28,82.18,53.15,3.33
Hami,91,CN,1561490045,31,42.84,93.51,73.13,19.46
Hilo,1,US,1561489561,61,19.71,-155.08,80.6,5.82
Castro,90,CL,1561489545,93,-42.48,-73.76,44.6,11.41
Bredasdorp,76,ZA,1561489503,82,-34.53,20.04,59.0,12.75
Heihe,40,RU,1561490050,100,50.24,127.51,51.8,4.47
Bezhanitsy,97,RU,1561490060,68,56.97,29.88,65.93,4.61
Avarua,100,CK,1561489536,69,-21.21,-159.78,75.2,5.82
Pandan,95,PH,1561490063,79,11.72,122.09,83.21,12.66
Atuona,5,PF,1561489503,76,-9.8,-139.03,81.23,22.21
Zhangye,100,CN,1561490068,60,38.94,100.46,62.15,8.28
Ancud,90,CL,1561489573,93,-41.87,-73.83,44.6,11.41
Rikitea,20,PF,1561489499,83,-23.12,-134.97,72.05,11.05
Saint-Philippe,90,CA,1561489572,93,45.36,-73.48,69.8,12.75
Cape Town,0,ZA,1561489203,71,-33.93,18.42,59.0,11.41
Baoro,74,CF,1561490074,97,5.69,15.95,69.35,2.26
Mataura,68,NZ,1561489510,83,-46.19,168.86,44.01,5.99
Shuya,69,RU,1561490076,81,56.84,41.38,54.95,5.73
Saint-Philippe,90,CA,1561489572,93,45.36,-73.48,69.8,12.75
Ostrovnoy,84,RU,1561489962,63,68.05,39.51,48.29,3.42
Havre-Saint-Pierre,20,CA,1561490079,37,50.23,-63.6,68.0,16.11
Sao Joao da Ponte,43,BR,1561490081,35,-15.93,-44.01,83.21,5.46
Norman Wells,90,CA,1561489515,93,65.28,-126.83,50.0,16.11
Vostok,80,RU,1561490083,98,46.45,135.83,61.61,2.84
Chuy,100,UY,1561489828,70,-33.69,-53.46,50.81,20.69
Kupino,85,RU,1561490085,78,54.36,77.31,64.85,8.12
Kruisfontein,90,ZA,1561489887,94,-34.0,24.73,52.79,8.37
Mar del Plata,0,AR,1561489555,34,-46.43,-67.52,43.25,14.94
Antsohihy,0,MG,1561490089,73,-14.88,47.99,77.09,7.92
Upernavik,100,GL,1561489514,95,72.79,-56.15,35.69,13.06
San Vicente,20,SV,1561489925,47,13.64,-88.78,95.0,10.29
Ushuaia,40,AR,1561489503,92,-54.81,-68.31,32.0,9.17
Berlevag,75,NO,1561490094,71,70.86,29.09,50.0,20.8
Ushuaia,40,AR,1561489503,92,-54.81,-68.31,32.0,9.17
Kalmunai,100,LK,1561490043,71,7.42,81.82,79.79,1.79
Ponta do Sol,42,BR,1561489506,52,-20.63,-46.0,75.29,5.61
Cape Town,0,ZA,1561489203,71,-33.93,18.42,59.0,11.41
Tiksi,30,RU,1561490100,58,71.64,128.87,54.05,4.27
Pop,44,UZ,1561490102,31,40.87,71.1,78.8,2.24
Zhigansk,11,RU,1561489554,72,66.77,123.37,63.95,13.62
Saint-Philippe,90,CA,1561489572,93,45.36,-73.48,69.8,12.75
Te Anau,1,NZ,1561489939,84,-45.41,167.72,37.85,4.34
Kingston,40,CA,1561489919,69,44.23,-76.48,79.0,18.34
Kapaa,75,US,1561489518,83,22.08,-159.32,80.6,8.05
Cockburn Town,55,TC,1561489561,80,21.46,-71.14,81.23,11.39
Ahipara,56,NZ,1561490101,80,-35.17,173.16,57.65,15.01
Elat,61,CM,1561490111,96,2.91,11.16,69.53,3.87
Atuona,5,PF,1561490070,76,-9.8,-139.03,81.23,22.21
Albany,75,US,1561489826,61,42.65,-73.75,82.4,4.7
Yenagoa,97,NG,1561490115,89,4.92,6.26,75.11,5.97
Whitehorse,75,CA,1561490116,76,60.72,-135.06,63.0,4.05
Esperance,20,TT,1561489266,55,10.24,-61.45,90.0,12.75
Cervo,40,BR,1561490118,46,-22.19,-46.24,71.6,9.93
Thompson,90,CA,1561489571,82,55.74,-97.86,62.6,5.82
Caravelas,10,BR,1561490121,65,-17.73,-39.27,79.79,10.33
Hilo,1,US,1561489561,61,19.71,-155.08,80.6,5.82
Nishihara,20,JP,1561490126,94,35.74,139.53,75.0,6.93
Portland,75,US,1561490128,52,45.52,-122.67,71.01,5.82
Thompson,90,CA,1561489571,82,55.74,-97.86,62.6,5.82
Cape Town,0,ZA,1561489900,71,-33.93,18.42,59.0,11.41
Hithadhoo,99,MV,1561490131,68,-0.6,73.08,85.19,6.22
Yarada,40,IN,1561490133,79,17.65,83.27,86.0,2.24
Libenge,100,CD,1561490134,99,3.65,18.64,69.89,1.97
Las Tunas,40,CU,1561490135,41,20.96,-76.96,93.2,8.05
Ancud,90,CL,1561489573,93,-41.87,-73.83,44.6,11.41
Chokurdakh,0,RU,1561489951,39,70.62,147.9,65.93,10.8
Upernavik,100,GL,1561490071,95,72.79,-56.15,35.69,13.06
Fitionesti,0,RO,1561490140,69,45.98,27.05,79.0,8.05
Avarua,100,CK,1561490000,69,-21.21,-159.78,75.2,5.82
Karuzi,99,BI,1561490142,91,-3.1,30.16,62.51,2.51
Chimbote,100,PE,1561490143,89,-9.08,-78.59,62.15,10.29
Alofi,100,NU,1561489560,94,-19.06,-169.92,71.6,8.05
Mataura,68,NZ,1561490146,82,-46.19,168.86,44.01,5.99
Jamestown,0,AU,1561490110,58,-33.21,138.6,45.95,7.83
Black River,20,JM,1561490148,66,18.03,-77.85,89.6,19.46
Mangaratiba,0,BR,1561490149,43,-22.96,-44.04,95.0,5.82
Ushuaia,40,AR,1561490151,92,-54.81,-68.31,32.0,9.17
Hithadhoo,99,MV,1561490131,68,-0.6,73.08,85.19,6.22
Albany,75,US,1561489826,61,42.65,-73.75,82.4,4.7
Hermanus,38,ZA,1561490154,85,-34.42,19.24,59.0,8.01
Mana,40,RS,1561490155,73,43.52,20.24,77.0,4.7
Mataura,68,NZ,1561490146,82,-46.19,168.86,44.01,5.99
Amalapuram,0,IN,1561490158,78,16.58,82.0,84.65,4.97
Qujing,99,CN,1561490162,93,25.49,103.8,63.59,3.53
Faanui,68,PF,1561490163,73,-16.48,-151.75,78.89,16.02
Busselton,18,AU,1561490164,85,-33.64,115.35,55.0,25.99
Sistranda,75,NO,1561490098,76,63.73,8.83,55.4,13.87
Sitrah,0,BH,1561490148,53,26.15,50.62,100.4,9.17
Ponta Delgada,75,PT,1561490168,68,37.73,-25.67,66.2,13.87
Arraial do Cabo,0,BR,1561490169,65,-22.97,-42.02,84.2,13.87
Busselton,18,AU,1561490164,85,-33.64,115.35,55.0,25.99
Mataura,68,NZ,1561490146,82,-46.19,168.86,44.01,5.99
Sao Felix do Xingu,33,BR,1561489943,42,-6.64,-51.99,90.23,5.5
Rikitea,20,PF,1561490129,83,-23.12,-134.97,72.05,11.05
Dudinka,75,RU,1561490175,86,69.41,86.18,39.2,8.95
Busselton,18,AU,1561490164,85,-33.64,115.35,55.0,25.99
Hobart,0,AU,1561490080,75,-42.88,147.33,45.0,8.05
Karratha,0,AU,1561490181,35,-20.74,116.85,65.57,2.17
Nador,0,MA,1561490183,65,35.17,-2.93,77.0,4.7
Jamestown,0,AU,1561490110,58,-33.21,138.6,45.95,7.83
Saint-Philippe,90,CA,1561490185,93,45.36,-73.48,70.0,12.75
Port Lincoln,0,AU,1561489954,52,-34.72,135.86,57.47,18.25
Huaicheng,18,CN,1561490187,95,23.91,112.19,74.57,0.94
Arraial do Cabo,0,BR,1561490169,65,-22.97,-42.02,84.2,13.87
Hobyo,1,SO,1561490127,79,5.35,48.53,77.81,26.06
Inuvik,75,CA,1561490191,80,68.36,-133.71,42.8,14.99
Koroni,20,GR,1561490195,69,36.8,21.96,81.0,9.53
Yellowknife,20,CA,1561490196,37,62.45,-114.38,71.6,8.05
Ilulissat,75,GL,1561489998,57,69.22,-51.1,50.0,6.93
Albany,75,US,1561489826,61,42.65,-73.75,82.4,4.7
Port Elizabeth,1,US,1561490200,62,39.31,-74.98,88.0,13.87
Umm Lajj,0,SA,1561490201,64,25.02,37.27,86.81,11.68
Port Alfred,100,ZA,1561490202,94,-33.59,26.89,57.99,8.01
Gat,5,SN,1561490204,56,14.69,-16.54,82.85,20.24
Grand Gaube,75,MU,1561490205,78,-20.01,57.66,75.2,14.99
Suez,0,EG,1561490206,44,29.97,32.54,83.93,11.25
Dickinson,20,US,1561490207,43,46.88,-102.79,73.0,14.99
Charters Towers,11,AU,1561490208,50,-20.07,146.27,55.31,10.18
Dikson,0,RU,1561489864,87,73.51,80.55,31.55,11.68
Busselton,18,AU,1561490164,85,-33.64,115.35,55.0,25.99
Vaini,46,IN,1561490212,89,15.34,74.49,78.89,4.23
Sorland,75,NO,1561489891,66,67.67,12.69,50.0,9.17
Ancud,90,CL,1561490214,93,-41.87,-73.83,44.6,11.41
Jackville,40,CI,1561490216,94,5.21,-4.42,75.2,6.93
Chokurdakh,0,RU,1561489951,39,70.62,147.9,65.93,10.8
Albany,75,US,1561489826,61,42.65,-73.75,82.4,4.7
Port Alfred,100,ZA,1561490202,94,-33.59,26.89,57.99,8.01
Faanui,68,PF,1561490163,73,-16.48,-151.75,78.89,16.02
Rikitea,20,PF,1561490129,83,-23.12,-134.97,72.05,11.05
Aksu,0,KZ,1561490223,88,52.04,76.93,62.6,6.71
Dikson,0,RU,1561489864,87,73.51,80.55,31.55,11.68
Ostrovnoy,84,RU,1561489962,63,68.05,39.51,48.29,3.42
Naranjal,75,PY,1561490226,45,-25.97,-55.19,82.4,17.22
Ushuaia,40,AR,1561490151,92,-54.81,-68.31,32.0,9.17
Cape Town,0,ZA,1561489900,71,-33.93,18.42,59.0,11.41
Ambanja,0,MG,1561490230,66,-13.68,48.45,79.61,7.07
Jenks,75,US,1561490187,62,36.02,-95.97,87.01,6.93
Havre-Saint-Pierre,20,CA,1561490079,37,50.23,-63.6,68.0,16.11
Qaanaaq,100,GL,1561490233,88,77.48,-69.36,34.61,3.06
Inirida,100,CO,1561490234,99,3.87,-67.92,72.23,3.65
Saint-Philippe,90,CA,1561490185,93,45.36,-73.48,70.0,12.75
Chuy,100,UY,1561489828,70,-33.69,-53.46,50.81,20.69
Alta Floresta,27,BR,1561490238,30,-9.87,-56.08,92.21,3.85
Codrington,90,AU,1561490239,93,-28.95,153.24,59.0,6.04
Sinjar,0,SY,1561490240,33,35.59,37.0,86.63,10.96
Cape Town,0,ZA,1561489900,71,-33.93,18.42,59.0,11.41
Provideniya,98,RU,1561490068,82,64.42,-173.23,40.01,12.86
Hermanus,38,ZA,1561490154,85,-34.42,19.24,59.0,8.01
Mahebourg,75,MU,1561490085,78,-20.41,57.7,75.2,14.99
Ribeira Grande,40,PT,1561490235,64,38.52,-28.7,68.0,10.29
Mahebourg,75,MU,1561490085,78,-20.41,57.7,75.2,14.99
Luderitz,0,NA,1561490248,87,-26.65,15.16,55.4,13.87
Rurrenabaque,40,BO,1561490250,62,-14.44,-67.53,87.8,13.87
Albany,75,US,1561489826,61,42.65,-73.75,82.4,4.7
Mar del Plata,0,AR,1561490252,34,-46.43,-67.52,43.25,14.94
Tiksi,30,RU,1561490100,58,71.64,128.87,54.05,4.27
Geraldton,90,CA,1561490254,100,49.72,-86.95,57.2,9.17
Albany,75,US,1561489826,61,42.65,-73.75,82.4,4.7
Severo-Kurilsk,100,RU,1561490257,97,50.68,156.12,43.25,9.82
Lebu,75,ET,1561490258,68,8.96,38.73,64.4,3.98
Petropavlovsk-Kamchatskiy,90,RU,1561490259,100,53.05,158.65,44.6,2.24
Hermanus,38,ZA,1561490154,85,-34.42,19.24,59.0,8.01
Eenhana,0,NA,1561490262,19,-17.48,16.34,75.2,4.7
Tuktoyaktuk,75,CA,1561490263,86,69.44,-133.03,39.2,19.46
Nouadhibou,0,MR,1561490264,54,20.93,-17.03,80.6,18.34
New Norfolk,0,AU,1561490266,75,-42.78,147.06,45.0,8.05
Komsomolskiy,96,RU,1561490267,87,67.55,63.78,38.57,11.79
Kaitangata,43,NZ,1561490268,81,-46.28,169.85,39.0,5.01
Saint George,40,GR,1561490270,51,39.45,22.34,82.0,4.7
Aswan,0,EG,1561490271,15,24.09,32.9,104.0,3.36
Avarua,100,CK,1561490000,69,-21.21,-159.78,75.2,5.82
Copiapo,20,CL,1561490273,63,-27.37,-70.33,60.8,10.29
Ushuaia,40,AR,1561490151,92,-54.81,-68.31,32.0,9.17
Port Elizabeth,1,US,1561490200,62,39.31,-74.98,88.0,13.87
Victoria,75,BN,1561490191,88,5.28,115.24,82.4,4.41
Half Moon Bay,40,US,1561490134,52,37.46,-122.43,80.01,8.05
Verkh-Usugli,100,RU,1561490279,60,52.7,115.17,58.55,4.07
Port Elizabeth,1,US,1561490200,62,39.31,-74.98,88.0,13.87
Hithadhoo,99,MV,1561490131,68,-0.6,73.08,85.19,6.22
Longyearbyen,40,NO,1561490283,75,78.22,15.63,42.8,12.75
Kahului,20,US,1561490153,69,20.89,-156.47,82.99,3.36
Hobyo,1,SO,1561490127,79,5.35,48.53,77.81,26.06
Sola,0,FI,1561490286,82,62.78,29.36,55.4,2.24
Lompoc,90,US,1561490287,77,34.64,-120.46,64.99,10.29
Ushuaia,40,AR,1561490151,92,-54.81,-68.31,32.0,9.17
Bluff,25,AU,1561490290,83,-23.58,149.07,53.87,8.66
Thompson,90,CA,1561490108,82,55.74,-97.86,62.6,5.82
Comodoro Rivadavia,0,AR,1561490120,49,-45.87,-67.48,46.4,12.75
Arraial do Cabo,0,BR,1561490169,65,-22.97,-42.02,84.2,13.87
Punta Arenas,20,CL,1561490294,64,-53.16,-70.91,39.2,10.29
Cabot,75,US,1561490296,66,34.97,-92.02,89.01,6.93
Bluff,25,AU,1561490290,83,-23.58,149.07,53.87,8.66
Cayenne,20,GF,1561490298,74,4.94,-52.33,84.2,9.17
Mandali,0,IQ,1561490299,8,33.75,45.55,97.97,11.63
Ardalstangen,75,NO,1561490301,93,61.24,7.7,57.99,4.7
Gat,5,SN,1561490204,56,14.69,-16.54,82.85,20.24
Sumbe,1,AO,1561490303,78,-11.2,13.84,72.77,12.48
Ribeira Grande,40,PT,1561490235,64,38.52,-28.7,68.0,10.29
Kapaa,75,US,1561490066,83,22.08,-159.32,80.6,8.05
Busselton,18,AU,1561490164,85,-33.64,115.35,55.0,25.99
Cape Town,0,ZA,1561489900,71,-33.93,18.42,59.0,11.41
Torva,97,EE,1561490309,59,58.0,25.93,66.2,2.82
Kapaa,75,US,1561490066,83,22.08,-159.32,80.6,8.05
Saint-Philippe,90,CA,1561490185,93,45.36,-73.48,70.0,12.75
Bayan,0,MN,1561490315,60,47.25,107.54,52.97,9.01
Rikitea,20,PF,1561490129,83,-23.12,-134.97,72.05,11.05
Ajdabiya,0,LY,1561490317,78,30.75,20.22,77.09,21.09
Kapaa,75,US,1561490066,83,22.08,-159.32,80.6,8.05
Hobart,0,AU,1561490080,75,-42.88,147.33,45.0,8.05
Guerrero Negro,100,MX,1561490321,81,27.97,-114.04,63.41,6.91
Bluff,25,AU,1561490290,83,-23.58,149.07,53.87,8.66
Hoopstad,9,ZA,1561490323,30,-27.83,25.91,45.77,1.57
Castro,90,CL,1561490325,93,-42.48,-73.76,44.6,11.41
Severo-Kurilsk,100,RU,1561490257,97,50.68,156.12,43.25,9.82
Kodiak,1,US,1561490093,22,39.95,-94.76,86.0,10.29
Ushuaia,40,AR,1561490151,92,-54.81,-68.31,32.0,9.17
Usinsk,98,RU,1561490329,71,66.0,57.56,45.23,11.21
East London,90,ZA,1561490331,93,-33.02,27.91,57.2,11.41
Pangnirtung,20,CA,1561490332,66,66.15,-65.72,48.2,10.29
Vaini,46,IN,1561490212,89,15.34,74.49,78.89,4.23
Mataura,68,NZ,1561490146,82,-46.19,168.86,44.01,5.99
Cape Town,0,ZA,1561489900,71,-33.93,18.42,59.0,11.41
Mayo,40,CA,1561490167,43,63.59,-135.9,69.8,8.05
Herrin,20,US,1561490338,54,37.8,-89.03,84.99,11.41
Punta Arenas,20,CL,1561490294,64,-53.16,-70.91,39.2,10.29
Saint-Philippe,90,CA,1561490185,93,45.36,-73.48,70.0,12.75
Tabuk,98,PH,1561490341,98,17.41,121.44,66.11,1.28
Bani Walid,0,LY,1561490342,17,31.76,14.0,90.41,14.99
Castro,90,CL,1561490325,93,-42.48,-73.76,44.6,11.41
Lakatoro,76,VU,1561490348,80,-16.11,167.42,79.79,9.84
Cidreira,100,BR,1561490349,57,-30.17,-50.22,77.45,16.53
Kiunga,100,PG,1561490350,99,-6.12,141.3,72.77,3.76
Bluff,25,AU,1561490290,83,-23.58,149.07,53.87,8.66
Punta Arenas,20,CL,1561490294,64,-53.16,-70.91,39.2,10.29
Port Alfred,100,ZA,1561490202,94,-33.59,26.89,57.99,8.01
Mana,40,RS,1561490155,73,43.52,20.24,77.0,4.7
Bluff,25,AU,1561490290,83,-23.58,149.07,53.87,8.66
Kaitangata,43,NZ,1561490268,81,-46.28,169.85,39.0,5.01
Laguna,5,MX,1561490358,23,27.52,-110.01,95.0,9.17
Pacifica,40,US,1561490217,52,37.61,-122.49,75.99,8.05
Batagay-Alyta,35,RU,1561490361,76,67.8,130.41,52.97,2.39
Severo-Kurilsk,100,RU,1561490257,97,50.68,156.12,43.25,9.82
Port Keats,38,AU,1561490363,28,-14.25,129.55,61.97,13.65
Bilibino,8,RU,1561490364,36,68.06,166.44,52.79,4.83
Vaini,46,IN,1561490212,89,15.34,74.49,78.89,4.23
Tuktoyaktuk,75,CA,1561490263,86,69.44,-133.03,39.2,19.46
Antofagasta,0,CL,1561489933,72,-23.65,-70.4,60.8,12.75
Punta Arenas,20,CL,1561490294,64,-53.16,-70.91,39.2,10.29
Bluff,25,AU,1561490290,83,-23.58,149.07,53.87,8.66
Bluff,25,AU,1561490290,83,-23.58,149.07,53.87,8.66
Rikitea,20,PF,1561490129,83,-23.12,-134.97,72.05,11.05
Linhares,1,BR,1561490377,53,-19.38,-40.06,82.67,6.93
Rikitea,20,PF,1561490129,83,-23.12,-134.97,72.05,11.05
Punta Arenas,20,CL,1561490294,64,-53.16,-70.91,39.2,10.29
Vaini,46,IN,1561490212,89,15.34,74.49,78.89,4.23
Ushuaia,40,AR,1561490151,92,-54.81,-68.31,32.0,9.17
Chokurdakh,0,RU,1561489951,39,70.62,147.9,65.93,10.8
Kodiak,1,US,1561490093,22,39.95,-94.76,86.0,10.29
Rikitea,20,PF,1561490129,83,-23.12,-134.97,72.05,11.05
Kargasok,84,RU,1561490386,62,59.06,80.87,64.49,3.38
Yumen,100,CN,1561490387,30,40.29,97.04,71.15,18.81
Lompoc,90,US,1561490287,77,34.64,-120.46,64.99,10.29
Yerbogachen,0,RU,1561490390,64,61.28,108.01,58.37,2.39
Biak,100,ID,1561490142,98,-0.91,122.88,64.67,4.25
Mar del Plata,0,AR,1561490252,34,-46.43,-67.52,43.25,14.94
Puerto Ayora,75,EC,1561490393,73,-0.74,-90.35,77.0,20.8
Constitucion,20,MX,1561490155,26,23.99,-104.67,81.0,3.36
Vaini,46,IN,1561490212,89,15.34,74.49,78.89,4.23
Hobart,0,AU,1561490080,75,-42.88,147.33,45.0,8.05
Sao Filipe,0,CV,1561490353,82,14.9,-24.5,75.11,18.92
Mahebourg,75,MU,1561490085,78,-20.41,57.7,75.2,14.99
Thyolo,0,MW,1561490400,81,-16.07,35.15,60.71,7.87
Hilo,75,US,1561490402,61,19.71,-155.08,82.4,8.05
Busselton,18,AU,1561490164,85,-33.64,115.35,55.0,25.99
Jacareacanga,96,BR,1561490404,39,-6.22,-57.76,91.67,4.92
Mar del Plata,0,AR,1561490252,34,-46.43,-67.52,43.25,14.94
Port Alfred,100,ZA,1561490202,94,-33.59,26.89,57.99,8.01
Srednekolymsk,21,RU,1561489826,43,67.46,153.71,68.99,2.75
Ulladulla,75,AU,1561490409,100,-35.36,150.48,48.2,5.82
Atuona,5,PF,1561490070,76,-9.8,-139.03,81.23,22.21
Sambava,21,MG,1561490411,96,-14.27,50.17,67.19,2.01
Bam,0,IR,1561490418,14,29.11,58.36,74.39,11.27
Iqaluit,75,CA,1561490421,66,63.75,-68.52,50.0,5.82
Busselton,18,AU,1561490164,85,-33.64,115.35,55.0,25.99
Tengzhou,57,CN,1561490424,48,35.11,117.16,78.01,11.74
Rikitea,20,PF,1561490129,83,-23.12,-134.97,72.05,11.05
Provideniya,98,RU,1561490068,82,64.42,-173.23,40.01,12.86
Vaini,46,IN,1561490212,89,15.34,74.49,78.89,4.23
Sungairaya,100,ID,1561490429,82,0.7,108.9,83.57,12.91
Kalabo,0,ZM,1561490431,31,-15.0,22.67,62.69,0.98
Flin Flon,75,CA,1561490432,63,54.77,-101.88,60.8,8.05
Ahuimanu,75,US,1561490434,88,21.44,-157.84,80.6,5.82
Amarpur,93,IN,1561490435,87,23.52,91.65,80.87,6.51
Tawau,75,MY,1561490436,94,4.26,117.89,77.0,3.36
Alta Floresta,27,BR,1561490238,30,-9.87,-56.08,92.21,3.85
Kahului,20,US,1561490153,69,20.89,-156.47,82.99,3.36
Comodoro Rivadavia,0,AR,1561490120,49,-45.87,-67.48,46.4,12.75
Lebu,75,ET,1561490258,68,8.96,38.73,64.4,3.98
Tuktoyaktuk,75,CA,1561490263,86,69.44,-133.03,39.2,19.46
East London,90,ZA,1561490331,93,-33.02,27.91,57.2,11.41
Prince Rupert,1,CA,1561490444,72,54.32,-130.32,59.0,6.93
Chokurdakh,0,RU,1561489951,39,70.62,147.9,65.93,10.8
Inta,98,RU,1561490446,75,66.04,60.13,43.61,13.24
Bredasdorp,76,ZA,1561490448,77,-34.53,20.04,59.0,16.11
Yenagoa,97,NG,1561490115,89,4.92,6.26,75.11,5.97
Caravelas,10,BR,1561490121,65,-17.73,-39.27,79.79,10.33
Khandyga,56,RU,1561490451,83,62.65,135.58,51.17,4.36
Carutapera,8,BR,1561490453,68,-1.2,-46.02,84.47,7.2
Sitka,55,US,1561490454,48,37.17,-99.65,87.01,13.0
Jati,83,PK,1561490455,75,24.35,68.27,84.83,14.47
Rio do Sul,52,BR,1561490456,1,-27.22,-49.64,79.0,6.96
Rikitea,20,PF,1561490129,83,-23.12,-134.97,72.05,11.05
Bluff,25,AU,1561490290,83,-23.58,149.07,53.87,8.66
Ribeira Grande,40,PT,1561490235,64,38.52,-28.7,68.0,10.29
Rio Cuarto,0,AR,1561490461,17,-33.13,-64.35,55.4,12.75
Rikitea,20,PF,1561490129,83,-23.12,-134.97,72.05,11.05
Halifax,20,CA,1561490400,59,44.65,-63.58,75.0,16.11
Aswan,0,EG,1561490271,15,24.09,32.9,104.0,3.36
Tignere,98,CM,1561490347,96,7.37,12.65,69.71,2.73
Kapaa,75,US,1561490066,83,22.08,-159.32,80.6,8.05
Ushuaia,40,AR,1561490151,92,-54.81,-68.31,32.0,9.17
Yellowknife,20,CA,1561490196,37,62.45,-114.38,71.6,8.05
Chokurdakh,0,RU,1561489951,39,70.62,147.9,65.93,10.8
Tuatapere,75,NZ,1561489885,82,-46.13,167.69,44.01,5.99
Santa Barbara,90,US,1561490440,82,34.42,-119.7,69.8,5.82
Airai,0,TL,1561490480,76,-8.93,125.41,65.57,5.68
Diest,75,BE,1561490481,54,50.98,5.05,91.0,3.36
Bilma,64,NE,1561490482,15,18.69,12.92,97.61,8.57
Riga,0,LV,1561490433,40,56.95,24.11,69.8,3.36
Hithadhoo,99,MV,1561490131,68,-0.6,73.08,85.19,6.22
Carnarvon,0,ZA,1561490489,29,-30.97,22.13,50.63,8.55
Nanortalik,70,GL,1561490490,86,60.14,-45.24,41.81,1.23
Cape Town,0,ZA,1561489900,71,-33.93,18.42,59.0,11.41
Punta Arenas,20,CL,1561490294,64,-53.16,-70.91,39.2,10.29
Bathsheba,40,BB,1561490494,66,13.22,-59.52,86.0,19.46
Ostersund,0,SE,1561490495,82,63.18,14.64,55.4,8.05
Ushuaia,40,AR,1561490151,92,-54.81,-68.31,32.0,9.17
Tura,100,IN,1561490002,78,25.52,90.21,82.85,11.79
Ushuaia,40,AR,1561490151,92,-54.81,-68.31,32.0,9.17
Tuktoyaktuk,75,CA,1561490263,86,69.44,-133.03,39.2,19.46
Busselton,18,AU,1561490164,85,-33.64,115.35,55.0,25.99
Tortoli,5,IT,1561490502,65,39.93,9.66,77.0,17.22
Rikitea,20,PF,1561490129,83,-23.12,-134.97,72.05,11.05
Pavino,0,RU,1561490504,82,55.02,82.61,59.0,2.24
Ejea de los Caballeros,9,ES,1561490505,24,42.13,-1.14,93.2,12.75
Hamilton,75,CA,1561490397,73,43.26,-79.87,77.0,16.11
Rikitea,20,PF,1561490129,83,-23.12,-134.97,72.05,11.05
Dubbo,61,AU,1561490509,87,-32.25,148.6,44.6,13.87
Albany,75,US,1561489826,61,42.65,-73.75,82.4,4.7
Nanortalik,70,GL,1561490490,86,60.14,-45.24,41.81,1.23
Alice Springs,0,AU,1561490366,43,-23.7,133.88,35.6,5.82
Tamiahua,89,MX,1561490514,84,21.28,-97.45,81.95,13.96
Cidreira,100,BR,1561490349,57,-30.17,-50.22,77.45,16.53
Rikitea,20,PF,1561490129,83,-23.12,-134.97,72.05,11.05
Torbay,75,CA,1561489973,76,47.66,-52.73,61.0,9.17
Mogadishu,6,SO,1561490518,84,2.04,45.34,75.47,11.99
Teknaf,56,BD,1561490519,82,20.86,92.31,85.01,10.98
Mahebourg,75,MU,1561490085,78,-20.41,57.7,75.2,14.99
Saltpond,100,GH,1561490522,93,5.2,-1.06,74.75,13.4
Pangai,75,TO,1561490523,78,-19.8,-174.35,77.0,9.17
Yellowknife,20,CA,1561490196,37,62.45,-114.38,71.6,8.05
Samarai,100,PG,1561490525,96,-10.62,150.67,73.85,6.85
Yelan,0,RU,1561490527,51,50.95,43.74,64.0,4.0
Butaritari,100,KI,1561490528,77,3.07,172.79,83.03,12.53
Hermanus,38,ZA,1561490154,85,-34.42,19.24,59.0,8.01
Ushuaia,40,AR,1561490151,92,-54.81,-68.31,32.0,9.17
East London,90,ZA,1561490331,93,-33.02,27.91,57.2,11.41
Mataura,68,NZ,1561490146,82,-46.19,168.86,44.01,5.99
Ushuaia,40,AR,1561490151,92,-54.81,-68.31,32.0,9.17
Nsanje,49,MZ,1561490535,71,-16.92,35.26,69.71,8.93
Jamestown,0,AU,1561490110,58,-33.21,138.6,45.95,7.83
Albany,75,US,1561489826,61,42.65,-73.75,82.4,4.7
Poum,40,MK,1561490539,68,41.28,20.71,71.6,5.82
Zahnitkiv,34,UA,1561490540,76,48.04,28.9,69.01,7.11
Rikitea,20,PF,1561490129,83,-23.12,-134.97,72.05,11.05
Lagoa,0,PT,1561490542,83,37.14,-8.45,71.01,10.29
Kibuye,99,RW,1561490543,75,-2.07,29.35,65.39,3.85
Avarua,100,CK,1561490000,69,-21.21,-159.78,75.2,5.82
New Waterford,40,US,1561490546,44,40.85,-80.61,82.99,9.17
Puerto Ayora,75,EC,1561490393,73,-0.74,-90.35,77.0,20.8
Laramie,1,US,1561490548,23,41.31,-105.59,75.2,16.11
Provideniya,98,RU,1561490068,82,64.42,-173.23,40.01,12.86
Wukari,60,NG,1561490554,87,7.87,9.78,78.35,4.97
Diest,75,BE,1561490481,54,50.98,5.05,91.0,3.36
Ushuaia,40,AR,1561490151,92,-54.81,-68.31,32.0,9.17
Busselton,18,AU,1561490164,85,-33.64,115.35,55.0,25.99
Peque,98,CO,1561490561,57,7.02,-75.91,75.29,0.4
Mar del Plata,0,AR,1561490252,34,-46.43,-67.52,43.25,14.94
Barrow,0,AR,1561490563,42,-38.31,-60.23,49.91,21.61
Saskylakh,50,RU,1561490565,49,71.97,114.09,69.17,8.16
Port Alfred,100,ZA,1561490202,94,-33.59,26.89,57.99,8.01
Westport,75,IE,1561490394,77,53.8,-9.52,66.0,8.05
Nagato,75,JP,1561490568,83,34.35,131.14,75.2,10.29
Te Anau,1,NZ,1561490570,84,-45.41,167.72,37.85,4.34
Zhezkazgan,23,KZ,1561490571,16,47.8,67.71,84.83,7.87
Vaini,46,IN,1561490212,89,15.34,74.49,78.89,4.23
Ribeira Grande,40,PT,1561490235,64,38.52,-28.7,68.0,10.29
Port Alfred,100,ZA,1561490202,94,-33.59,26.89,57.99,8.01
Rikitea,20,PF,1561490129,83,-23.12,-134.97,72.05,11.05
Albany,75,US,1561489826,61,42.65,-73.75,82.4,4.7
Victoria,75,BN,1561490191,88,5.28,115.24,82.4,4.41
Kalaleh,0,IR,1561490579,66,37.38,55.49,87.8,4.7
Wroclaw,0,PL,1561490387,51,51.1,17.03,88.0,5.82
Svay Rieng,100,KH,1561490581,88,11.08,105.8,79.97,5.93
Ushuaia,40,AR,1561490151,92,-54.81,-68.31,32.0,9.17
Deer Lake,90,CA,1561490584,54,49.18,-57.43,57.2,5.82
Kodiak,1,US,1561490093,22,39.95,-94.76,86.0,10.29
Tiksi,30,RU,1561490100,58,71.64,128.87,54.05,4.27
Tyssedal,99,NO,1561490587,86,60.12,6.56,62.01,1.95
Tasiilaq,5,GL,1561490588,75,65.61,-37.64,44.6,12.75
Klaksvik,75,FO,1561490590,87,62.23,-6.59,51.8,8.05
Guerrero Negro,100,MX,1561490321,81,27.97,-114.04,63.41,6.91
Sayat,0,TM,1561490592,18,38.78,63.88,84.2,11.41
Kruisfontein,90,ZA,1561490593,94,-34.0,24.73,52.79,8.37
Geraldton,90,CA,1561490254,100,49.72,-86.95,57.2,9.17
Zelenoborskiy,92,RU,1561490596,77,66.84,32.36,56.21,3.22
Castro,90,CL,1561490325,93,-42.48,-73.76,44.6,11.41
Hobart,0,AU,1561490080,75,-42.88,147.33,45.0,8.05
Ushuaia,40,AR,1561490151,92,-54.81,-68.31,32.0,9.17
Cape Town,0,ZA,1561489900,71,-33.93,18.42,59.0,11.41
Saint-Philippe,90,CA,1561490185,93,45.36,-73.48,70.0,12.75
Corinto,51,BR,1561490603,44,-18.36,-44.46,79.61,2.77
Provideniya,98,RU,1561490068,82,64.42,-173.23,40.01,12.86
Cherskiy,0,RU,1561490351,34,68.75,161.3,65.21,5.39
Punta Arenas,20,CL,1561490294,64,-53.16,-70.91,39.2,10.29
Mount Gambier,0,AU,1561490607,93,-37.83,140.78,35.6,5.82
Rikitea,20,PF,1561490129,83,-23.12,-134.97,72.05,11.05
Ostrovnoy,84,RU,1561490610,63,68.05,39.51,48.29,3.42
Bellary,84,IN,1561490611,73,15.15,76.93,76.37,17.76
Pokhara,40,NP,1561490612,89,28.21,83.99,56.39,1.59
Bredasdorp,76,ZA,1561490448,77,-34.53,20.04,59.0,16.11
Marrakesh,0,MA,1561490399,35,31.63,-7.99,89.6,17.22
Puerto Ayora,75,EC,1561490393,73,-0.74,-90.35,77.0,20.8
Albany,75,US,1561489826,61,42.65,-73.75,82.4,4.7
Basoko,91,CD,1561490621,97,1.23,23.61,70.25,6.42
Lebu,75,ET,1561490258,68,8.96,38.73,64.4,3.98
Hamilton,75,CA,1561490397,73,43.26,-79.87,77.0,16.11
Hobart,0,AU,1561490080,75,-42.88,147.33,45.0,8.05
Khatanga,94,RU,1561490626,66,71.98,102.47,63.05,21.88
Butaritari,100,KI,1561490528,77,3.07,172.79,83.03,12.53
Nanortalik,70,GL,1561490490,86,60.14,-45.24,41.81,1.23
Lebu,75,ET,1561490258,68,8.96,38.73,64.4,3.98
Avarua,100,CK,1561490000,69,-21.21,-159.78,75.2,5.82
Cayenne,20,GF,1561490298,74,4.94,-52.33,84.2,9.17
Punta Arenas,20,CL,1561490294,64,-53.16,-70.91,39.2,10.29
Rawlins,1,US,1561490634,19,41.79,-107.24,75.2,17.22
